Workbook

Sheet Sales
A1: OrderID | B1: OrderDate | C1: SalespersonID | D1: ProductID | E1: Channel | F1: Region | G1: Country | H1: Quantity
A2: ORD-10001 | B2: 45619 | C2: S-02 | D2: P-101 | E2: Partner | F2: =_xlfn.XLOOKUP(C2,Salespeople!$A$2:$A$11,Salespeople!$C$2:$C$11) -> EMEA | G2: =_xlfn.XLOOKUP(C2,Salespeople!$A$2:$A$11,Salespeople!$D$2:$D$11) -> Portugal | H2: 9
A3: ORD-10002 | B3: 45406 | C3: S-03 | D3: P-402 | E3: Online | F3: =_xlfn.XLOOKUP(C3,Salespeople!$A$2:$A$11,Salespeople!$C$2:$C$11) -> APAC | G3: =_xlfn.XLOOKUP(C3,Salespeople!$A$2:$A$11,Salespeople!$D$2:$D$11) -> Singapore | H3: 22
A4: ORD-10003 | B4: 45594 | C4: S-07 | D4: P-101 | E4: Online | F4: =_xlfn.XLOOKUP(C4,Salespeople!$A$2:$A$11,Salespeople!$C$2:$C$11) -> EMEA | G4: =_xlfn.XLOOKUP(C4,Salespeople!$A$2:$A$11,Salespeople!$D$2:$D$11) -> Kenya | H4: 3
A5: ORD-10004 | B5: 45411 | C5: S-09 | D5: P-303 | E5: Online | F5: =_xlfn.XLOOKUP(C5,Salespeople!$A$2:$A$11,Salespeople!$C$2:$C$11) -> Americas | G5: =_xlfn.XLOOKUP(C5,Salespeople!$A$2:$A$11,Salespeople!$D$2:$D$11) -> Brazil | H5: 18
A6: ORD-10005 | B6: 45624 | C6: S-09 | D6: P-203 | E6: Online | F6: =_xlfn.XLOOKUP(C6,Salespeople!$A$2:$A$11,Salespeople!$C$2:$C$11) -> Americas | G6: =_xlfn.XLOOKUP(C6,Salespeople!$A$2:$A$11,Salespeople!$D$2:$D$11) -> Brazil | H6: 15
A7: ORD-10006 | B7: 45295 | C7: S-03 | D7: P-402 | E7: Retail | F7: =_xlfn.XLOOKUP(C7,Salespeople!$A$2:$A$11,Salespeople!$C$2:$C$11) -> APAC | G7: =_xlfn.XLOOKUP(C7,Salespeople!$A$2:$A$11,Salespeople!$D$2:$D$11) -> Singapore | H7: 11
A8: ORD-10007 | B8: 45371 | C8: S-04 | D8: P-403 | E8: Retail | F8: =_xlfn.XLOOKUP(C8,Salespeople!$A$2:$A$11,Salespeople!$C$2:$C$11) -> Americas | G8: =_xlfn.XLOOKUP(C8,Salespeople!$A$2:$A$11,Salespeople!$D$2:$D$11) -> Mexico | H8: 4
A9: ORD-10008 | B9: 45486 | C9: S-02 | D9: P-202 | E9: Retail | F9: =_xlfn.XLOOKUP(C9,Salespeople!$A$2:$A$11,Salespeople!$C$2:$C$11) -> EMEA | G9: =_xlfn.XLOOKUP(C9,Salespeople!$A$2:$A$11,Salespeople!$D$2:$D$11) -> Portugal | H9: 20
A10: ORD-10009 | B10: 45314 | C10: S-08 | D10: P-302 | E10: Online | F10: =_xlfn.XLOOKUP(C10,Salespeople!$A$2:$A$11,Salespeople!$C$2:$C$11) -> APAC | G10: =_xlfn.XLOOKUP(C10,Salespeople!$A$2:$A$11,Salespeople!$D$2:$D$11) -> Japan | H10: 13
A11: ORD-10010 | B11: 45574 | C11: S-05 | D11: P-501 | E11: Partner | F11: =_xlfn.XLOOKUP(C11,Salespeople!$A$2:$A$11,Salespeople!$C$2:$C$11) -> Americas | G11: =_xlfn.XLOOKUP(C11,Salespeople!$A$2:$A$11,Salespeople!$D$2:$D$11) -> United States | H11: 20
A12: ORD-10011 | B12: 45587 | C12: S-04 | D12: P-402 | E12: Online | F12: =_xlfn.XLOOKUP(C12,Salespeople!$A$2:$A$11,Salespeople!$C$2:$C$11) -> Americas | G12: =_xlfn.XLOOKUP(C12,Salespeople!$A$2:$A$11,Salespeople!$D$2:$D$11) -> Mexico | H12: 2
A13: ORD-10012 | B13: 45440 | C13: S-02 | D13: P-501 | E13: Online | F13: =_xlfn.XLOOKUP(C13,Salespeople!$A$2:$A$11,Salespeople!$C$2:$C$11) -> EMEA | G13: =_xlfn.XLOOKUP(C13,Salespeople!$A$2:$A$11,Salespeople!$D$2:$D$11) -> Portugal | H13: 4
... A201: ORD-10200 | B201: 45342 | C201: S-02 | D201: P-301 | E201: Online | F201: =_xlfn.XLOOKUP(C201,Salespeople!$A$2:$A$11,Salespeople!$C$2:$C$11) -> EMEA | G201: =_xlfn.XLOOKUP(C201,Salespeople!$A$2:$A$11,Salespeople!$D$2:$D$11) -> Portugal | H201: 23

Sheet 01_sales
A1: OrderID | B1: OrderDate | C1: SalespersonID | D1: ProductID | E1: Channel | F1: Region | G1: Country | H1: Quantity
A2: ORD-10001 | B2: 45619 | C2: S-02 | D2: P-101 | E2: Partner | F2: =_xlfn.XLOOKUP(C2,Salespeople!$A$2:$A$11,Salespeople!$C$2:$C$11) -> EMEA | G2: =_xlfn.XLOOKUP(C2,Salespeople!$A$2:$A$11,Salespeople!$D$2:$D$11) -> Portugal | H2: 9
A3: ORD-10002 | B3: 45406 | C3: S-03 | D3: P-402 | E3: Online | F3: =_xlfn.XLOOKUP(C3,Salespeople!$A$2:$A$11,Salespeople!$C$2:$C$11) -> APAC | G3: =_xlfn.XLOOKUP(C3,Salespeople!$A$2:$A$11,Salespeople!$D$2:$D$11) -> Singapore | H3: 22
A4: ORD-10003 | B4: 45594 | C4: S-07 | D4: P-101 | E4: Online | F4: =_xlfn.XLOOKUP(C4,Salespeople!$A$2:$A$11,Salespeople!$C$2:$C$11) -> EMEA | G4: =_xlfn.XLOOKUP(C4,Salespeople!$A$2:$A$11,Salespeople!$D$2:$D$11) -> Kenya | H4: 3
A5: ORD-10004 | B5: 45411 | C5: S-09 | D5: P-303 | E5: Online | F5: =_xlfn.XLOOKUP(C5,Salespeople!$A$2:$A$11,Salespeople!$C$2:$C$11) -> Americas | G5: =_xlfn.XLOOKUP(C5,Salespeople!$A$2:$A$11,Salespeople!$D$2:$D$11) -> Brazil | H5: 18
A6: ORD-10005 | B6: 45624 | C6: S-09 | D6: P-203 | E6: Online | F6: =_xlfn.XLOOKUP(C6,Salespeople!$A$2:$A$11,Salespeople!$C$2:$C$11) -> Americas | G6: =_xlfn.XLOOKUP(C6,Salespeople!$A$2:$A$11,Salespeople!$D$2:$D$11) -> Brazil | H6: 15
A7: ORD-10006 | B7: 45295 | C7: S-03 | D7: P-402 | E7: Retail | F7: =_xlfn.XLOOKUP(C7,Salespeople!$A$2:$A$11,Salespeople!$C$2:$C$11) -> APAC | G7: =_xlfn.XLOOKUP(C7,Salespeople!$A$2:$A$11,Salespeople!$D$2:$D$11) -> Singapore | H7: 11
A8: ORD-10007 | B8: 45371 | C8: S-04 | D8: P-403 | E8: Retail | F8: =_xlfn.XLOOKUP(C8,Salespeople!$A$2:$A$11,Salespeople!$C$2:$C$11) -> Americas | G8: =_xlfn.XLOOKUP(C8,Salespeople!$A$2:$A$11,Salespeople!$D$2:$D$11) -> Mexico | H8: 4
A9: ORD-10008 | B9: 45486 | C9: S-02 | D9: P-202 | E9: Retail | F9: =_xlfn.XLOOKUP(C9,Salespeople!$A$2:$A$11,Salespeople!$C$2:$C$11) -> EMEA | G9: =_xlfn.XLOOKUP(C9,Salespeople!$A$2:$A$11,Salespeople!$D$2:$D$11) -> Portugal | H9: 20
A10: ORD-10009 | B10: 45314 | C10: S-08 | D10: P-302 | E10: Online | F10: =_xlfn.XLOOKUP(C10,Salespeople!$A$2:$A$11,Salespeople!$C$2:$C$11) -> APAC | G10: =_xlfn.XLOOKUP(C10,Salespeople!$A$2:$A$11,Salespeople!$D$2:$D$11) -> Japan | H10: 13
A11: ORD-10010 | B11: 45574 | C11: S-05 | D11: P-501 | E11: Partner | F11: =_xlfn.XLOOKUP(C11,Salespeople!$A$2:$A$11,Salespeople!$C$2:$C$11) -> Americas | G11: =_xlfn.XLOOKUP(C11,Salespeople!$A$2:$A$11,Salespeople!$D$2:$D$11) -> United States | H11: 20
A12: ORD-10011 | B12: 45587 | C12: S-04 | D12: P-402 | E12: Online | F12: =_xlfn.XLOOKUP(C12,Salespeople!$A$2:$A$11,Salespeople!$C$2:$C$11) -> Americas | G12: =_xlfn.XLOOKUP(C12,Salespeople!$A$2:$A$11,Salespeople!$D$2:$D$11) -> Mexico | H12: 2
A13: ORD-10012 | B13: 45440 | C13: S-02 | D13: P-501 | E13: Online | F13: =_xlfn.XLOOKUP(C13,Salespeople!$A$2:$A$11,Salespeople!$C$2:$C$11) -> EMEA | G13: =_xlfn.XLOOKUP(C13,Salespeople!$A$2:$A$11,Salespeople!$D$2:$D$11) -> Portugal | H13: 4
... A201: ORD-10200 | B201: 45342 | C201: S-02 | D201: P-301 | E201: Online | F201: =_xlfn.XLOOKUP(C201,Salespeople!$A$2:$A$11,Salespeople!$C$2:$C$11) -> EMEA | G201: =_xlfn.XLOOKUP(C201,Salespeople!$A$2:$A$11,Salespeople!$D$2:$D$11) -> Portugal | H201: 23

Sheet Products
A1: ProductID | B1: Product | C1: Category | D1: UnitPrice | E1: UnitCost
A2: P-101 | B2: Wireless Mouse | C2: Accessories | D2: 25 | E2: 11
A3: P-102 | B3: Mechanical Keyboard | C3: Accessories | D3: 79 | E3: 38
A4: P-103 | B4: USB-C Hub | C4: Accessories | D4: 45 | E4: 19
A5: P-104 | B5: Laptop Stand | C5: Accessories | D5: 35 | E5: 14
A6: P-201 | B6: 27in Monitor | C6: Displays | D6: 240 | E6: 150
A7: P-202 | B7: 34in Ultrawide | C7: Displays | D7: 520 | E7: 360
A8: P-203 | B8: Portable Monitor | C8: Displays | D8: 180 | E8: 105
A9: P-301 | B9: Ultrabook 14 | C9: Laptops | D9: 1150 | E9: 820
A10: P-302 | B10: Gaming Laptop 16 | C10: Laptops | D10: 1750 | E10: 1300
A11: P-303 | B11: Business Laptop 15 | C11: Laptops | D11: 1050 | E11: 760
A12: P-401 | B12: Noise-Cancel Headset | C12: Audio | D12: 210 | E12: 120
A13: P-402 | B13: Desk Speakers | C13: Audio | D13: 95 | E13: 44
... A16: P-502 | B16: Document Scanner | C16: Peripherals | D16: 160 | E16: 88

Sheet 01_products
A1: ProductID | B1: Product | C1: Category | D1: UnitPrice | E1: UnitCost
A2: P-101 | B2: Wireless Mouse | C2: Accessories | D2: 25 | E2: 11
A3: P-102 | B3: Mechanical Keyboard | C3: Accessories | D3: 79 | E3: 38
A4: P-103 | B4: USB-C Hub | C4: Accessories | D4: 45 | E4: 19
A5: P-104 | B5: Laptop Stand | C5: Accessories | D5: 35 | E5: 14
A6: P-201 | B6: 27in Monitor | C6: Displays | D6: 240 | E6: 150
A7: P-202 | B7: 34in Ultrawide | C7: Displays | D7: 520 | E7: 360
A8: P-203 | B8: Portable Monitor | C8: Displays | D8: 180 | E8: 105
A9: P-301 | B9: Ultrabook 14 | C9: Laptops | D9: 1150 | E9: 820
A10: P-302 | B10: Gaming Laptop 16 | C10: Laptops | D10: 1750 | E10: 1300
A11: P-303 | B11: Business Laptop 15 | C11: Laptops | D11: 1050 | E11: 760
A12: P-401 | B12: Noise-Cancel Headset | C12: Audio | D12: 210 | E12: 120
A13: P-402 | B13: Desk Speakers | C13: Audio | D13: 95 | E13: 44
... A16: P-502 | B16: Document Scanner | C16: Peripherals | D16: 160 | E16: 88

Sheet Salespeople
A1: SalespersonID | B1: Salesperson | C1: Region | D1: Country
A2: S-01 | B2: Aisha Khan | C2: EMEA | D2: United Kingdom
A3: S-02 | B3: Bruno Costa | C3: EMEA | D3: Portugal
A4: S-03 | B4: Chen Wei | C4: APAC | D4: Singapore
A5: S-04 | B5: Diana Lopez | C5: Americas | D5: Mexico
A6: S-05 | B6: Ethan Brooks | C6: Americas | D6: United States
A7: S-06 | B7: Fatima Noor | C7: EMEA | D7: United Arab Emirates
A8: S-07 | B8: Grace Mwangi | C8: EMEA | D8: Kenya
A9: S-08 | B9: Hiro Tanaka | C9: APAC | D9: Japan
A10: S-09 | B10: Isabela Rocha | C10: Americas | D10: Brazil
A11: S-10 | B11: Jamal Edwards | C11: Americas | D11: Canada

Sheet 01_salespeople
A1: SalespersonID | B1: Salesperson | C1: Region | D1: Country
A2: S-01 | B2: Aisha Khan | C2: EMEA | D2: United Kingdom
A3: S-02 | B3: Bruno Costa | C3: EMEA | D3: Portugal
A4: S-03 | B4: Chen Wei | C4: APAC | D4: Singapore
A5: S-04 | B5: Diana Lopez | C5: Americas | D5: Mexico
A6: S-05 | B6: Ethan Brooks | C6: Americas | D6: United States
A7: S-06 | B7: Fatima Noor | C7: EMEA | D7: United Arab Emirates
A8: S-07 | B8: Grace Mwangi | C8: EMEA | D8: Kenya
A9: S-08 | B9: Hiro Tanaka | C9: APAC | D9: Japan
A10: S-09 | B10: Isabela Rocha | C10: Americas | D10: Brazil
A11: S-10 | B11: Jamal Edwards | C11: Americas | D11: Canada
